date,block,block_hash,block_time,vault,vault_address,numeraire,reported,par,feeds,par_bps,feeds_bps,reported_age_seconds,main_reported_age_seconds,feed_ages_seconds,reported_sources,valuation_sources,feed_sources,main_reported_sources,assumptions,limitations,acquisition_mode,run_path
"2026-08-12","25742366","0xe7c587854915855ff620b92b3ee6ac4cb526ef6c78dc38624bd5516a12473365","2026-08-12T23:59:59Z","gtSkyLooping","0xeA40De595f099cA04695b0Ca105499E50AF77f92","USDS","1.000000000000000000","1.000000000000000000","1.000000000000000000","0.00","0.00","468","","{""USDS"":""77724"",""USDT"":""16524""}","[""call-0020"",""call-0021"",""call-0022"",""call-0023""]","{""feeds"":[""call-0001"",""call-0002"",""call-0003"",""call-0004"",""call-0005"",""call-0006"",""call-0007"",""call-0008"",""call-0009"",""call-0010"",""call-0011"",""call-0012"",""call-0013"",""call-0014"",""call-0015"",""call-0016"",""call-0017"",""call-0018"",""call-0019"",""call-0020"",""call-0021"",""call-0022"",""call-0023""],""par"":[""call-0001"",""call-0002"",""call-0003"",""call-0004"",""call-0005"",""call-0006"",""call-0007"",""call-0008"",""call-0009"",""call-0010"",""call-0011"",""call-0012"",""call-0013"",""call-0014"",""call-0015"",""call-0016"",""call-0017"",""call-0018"",""call-0019"",""call-0020"",""call-0021"",""call-0022"",""call-0023""]}","{""USDS"":[""call-0016"",""call-0017""],""USDT"":[""call-0018"",""call-0019""]}","[]","[]","{""excluded"":[""Assets outside the vault address, including pending provisioner requests"",""Accrued but unclaimed fees""],""underlying"":null,""vault"":[""USDC/USD is not yet sourced in docs/OPERATOR-NOTES.md; value idle USDC at par in both valuations and disclose this in output."",""Borrow APY is an integer fixed-point display approximation; it is not used for accrual."",""Leverage is gross assets divided by equity. Sensitivity is gross debt value / equity * 10; increasing the debt price reduces equity."",""Oracle price() has no update timestamp; no market-oracle age is inferred. Ages below are for valuation feeds."",""DAI/USD not read: DAI balance at the pinned block is zero, so this feed is not used in valuation.""]}","live","2026-08-12/gtSkyLooping/attempt-dda3e75243274fd2bc421fe5233bb4a8/gtSkyLooping-25742366"
"2026-08-13","25749550","0xa6161697878cf96588d31faa5ecb90b7e396eb64d74cb5799c8a26d56fe106b8","2026-08-13T23:59:59Z","gtSkyLooping","0xeA40De595f099cA04695b0Ca105499E50AF77f92","USDS","0.999775662020780582","0.996361581905083347","0.999874058941350931","-34.15","0.98","2784","","{""USDS"":""81288"",""USDT"":""16500""}","[""call-0022"",""call-0023"",""call-0024"",""call-0025""]","{""feeds"":[""call-0001"",""call-0002"",""call-0003"",""call-0004"",""call-0005"",""call-0006"",""call-0007"",""call-0008"",""call-0009"",""call-0010"",""call-0011"",""call-0012"",""call-0013"",""call-0014"",""call-0015"",""call-0016"",""call-0017"",""call-0018"",""call-0019"",""call-0020"",""call-0021"",""call-0022"",""call-0023"",""call-0024"",""call-0025""],""par"":[""call-0001"",""call-0002"",""call-0003"",""call-0004"",""call-0005"",""call-0006"",""call-0007"",""call-0008"",""call-0009"",""call-0010"",""call-0011"",""call-0012"",""call-0013"",""call-0014"",""call-0015"",""call-0016"",""call-0017"",""call-0018"",""call-0019"",""call-0020"",""call-0021"",""call-0022"",""call-0023"",""call-0024"",""call-0025""]}","{""USDS"":[""call-0018"",""call-0019""],""USDT"":[""call-0020"",""call-0021""]}","[]","[]","{""excluded"":[""Assets outside the vault address, including pending provisioner requests"",""Accrued but unclaimed fees""],""underlying"":null,""vault"":[""USDC/USD is not yet sourced in docs/OPERATOR-NOTES.md; value idle USDC at par in both valuations and disclose this in output."",""Borrow APY is an integer fixed-point display approximation; it is not used for accrual."",""Leverage is gross assets divided by equity. Sensitivity is gross debt value / equity * 10; increasing the debt price reduces equity."",""Oracle price() has no update timestamp; no market-oracle age is inferred. Ages below are for valuation feeds."",""DAI/USD not read: DAI balance at the pinned block is zero, so this feed is not used in valuation.""]}","live","2026-08-13/gtSkyLooping/attempt-c374733e619b456a9d289cea8dcfa7a8/gtSkyLooping-25749550"
"2026-08-14","25756720","0x208934d02c0655972d75eccac3592bd00b7b27a976c1de725e77a8f35d7d4510","2026-08-14T23:59:59Z","gtSkyLooping","0xeA40De595f099cA04695b0Ca105499E50AF77f92","USDS","0.998794941091450599","0.996458858286102031","1.000449238377312583","-23.39","16.56","1680","","{""USDS"":""2040"",""USDT"":""16464""}","[""call-0022"",""call-0023"",""call-0024"",""call-0025""]","{""feeds"":[""call-0001"",""call-0002"",""call-0003"",""call-0004"",""call-0005"",""call-0006"",""call-0007"",""call-0008"",""call-0009"",""call-0010"",""call-0011"",""call-0012"",""call-0013"",""call-0014"",""call-0015"",""call-0016"",""call-0017"",""call-0018"",""call-0019"",""call-0020"",""call-0021"",""call-0022"",""call-0023"",""call-0024"",""call-0025""],""par"":[""call-0001"",""call-0002"",""call-0003"",""call-0004"",""call-0005"",""call-0006"",""call-0007"",""call-0008"",""call-0009"",""call-0010"",""call-0011"",""call-0012"",""call-0013"",""call-0014"",""call-0015"",""call-0016"",""call-0017"",""call-0018"",""call-0019"",""call-0020"",""call-0021"",""call-0022"",""call-0023"",""call-0024"",""call-0025""]}","{""USDS"":[""call-0018"",""call-0019""],""USDT"":[""call-0020"",""call-0021""]}","[]","[]","{""excluded"":[""Assets outside the vault address, including pending provisioner requests"",""Accrued but unclaimed fees""],""underlying"":null,""vault"":[""USDC/USD is not yet sourced in docs/OPERATOR-NOTES.md; value idle USDC at par in both valuations and disclose this in output."",""Borrow APY is an integer fixed-point display approximation; it is not used for accrual."",""Leverage is gross assets divided by equity. Sensitivity is gross debt value / equity * 10; increasing the debt price reduces equity."",""Oracle price() has no update timestamp; no market-oracle age is inferred. Ages below are for valuation feeds."",""DAI/USD not read: DAI balance at the pinned block is zero, so this feed is not used in valuation.""]}","live","2026-08-14/gtSkyLooping/attempt-7a9d09da51dc4c479bc2025b9b6c2974/gtSkyLooping-25756720"
"2026-08-15","25763887","0x19897df0789a7221d982078e0870067fe936fd14fe9a8266ff336ea05b04c419","2026-08-15T23:59:59Z","gtSkyLooping","0xeA40De595f099cA04695b0Ca105499E50AF77f92","USDS","0.999927318592113990","0.996553818657093150","1.000379050535064943","-33.74","4.52","348","","{""USDS"":""5604"",""USDT"":""16440""}","[""call-0022"",""call-0023"",""call-0024"",""call-0025""]","{""feeds"":[""call-0001"",""call-0002"",""call-0003"",""call-0004"",""call-0005"",""call-0006"",""call-0007"",""call-0008"",""call-0009"",""call-0010"",""call-0011"",""call-0012"",""call-0013"",""call-0014"",""call-0015"",""call-0016"",""call-0017"",""call-0018"",""call-0019"",""call-0020"",""call-0021"",""call-0022"",""call-0023"",""call-0024"",""call-0025""],""par"":[""call-0001"",""call-0002"",""call-0003"",""call-0004"",""call-0005"",""call-0006"",""call-0007"",""call-0008"",""call-0009"",""call-0010"",""call-0011"",""call-0012"",""call-0013"",""call-0014"",""call-0015"",""call-0016"",""call-0017"",""call-0018"",""call-0019"",""call-0020"",""call-0021"",""call-0022"",""call-0023"",""call-0024"",""call-0025""]}","{""USDS"":[""call-0018"",""call-0019""],""USDT"":[""call-0020"",""call-0021""]}","[]","[]","{""excluded"":[""Assets outside the vault address, including pending provisioner requests"",""Accrued but unclaimed fees""],""underlying"":null,""vault"":[""USDC/USD is not yet sourced in docs/OPERATOR-NOTES.md; value idle USDC at par in both valuations and disclose this in output."",""Borrow APY is an integer fixed-point display approximation; it is not used for accrual."",""Leverage is gross assets divided by equity. Sensitivity is gross debt value / equity * 10; increasing the debt price reduces equity."",""Oracle price() has no update timestamp; no market-oracle age is inferred. Ages below are for valuation feeds."",""DAI/USD not read: DAI balance at the pinned block is zero, so this feed is not used in valuation.""]}","live","2026-08-15/gtSkyLooping/attempt-11c6267b3c074771967ab0750ec12f06/gtSkyLooping-25763887"
"2026-08-16","25771073","0x6a2649f5f57245dada400026600088fabd62446ddac0a4e70232703d23fa7894","2026-08-16T23:59:59Z","gtSkyLooping","0xeA40De595f099cA04695b0Ca105499E50AF77f92","USDS","1.000369501190754519","1.000373304386955368","1.000372433672725777","0.04","0.03","2748","","{""USDS"":""9168"",""USDT"":""16428""}","[""call-0021"",""call-0022"",""call-0023"",""call-0024""]","{""feeds"":[""call-0001"",""call-0002"",""call-0003"",""call-0004"",""call-0005"",""call-0006"",""call-0007"",""call-0008"",""call-0009"",""call-0010"",""call-0011"",""call-0012"",""call-0013"",""call-0014"",""call-0015"",""call-0016"",""call-0017"",""call-0018"",""call-0019"",""call-0020"",""call-0021"",""call-0022"",""call-0023"",""call-0024""],""par"":[""call-0001"",""call-0002"",""call-0003"",""call-0004"",""call-0005"",""call-0006"",""call-0007"",""call-0008"",""call-0009"",""call-0010"",""call-0011"",""call-0012"",""call-0013"",""call-0014"",""call-0015"",""call-0016"",""call-0017"",""call-0018"",""call-0019"",""call-0020"",""call-0021"",""call-0022"",""call-0023"",""call-0024""]}","{""USDS"":[""call-0017"",""call-0018""],""USDT"":[""call-0019"",""call-0020""]}","[]","[]","{""excluded"":[""Assets outside the vault address, including pending provisioner requests"",""Accrued but unclaimed fees""],""underlying"":null,""vault"":[""USDC/USD is not yet sourced in docs/OPERATOR-NOTES.md; value idle USDC at par in both valuations and disclose this in output."",""Borrow APY is an integer fixed-point display approximation; it is not used for accrual."",""Leverage is gross assets divided by equity. Sensitivity is gross debt value / equity * 10; increasing the debt price reduces equity."",""Oracle price() has no update timestamp; no market-oracle age is inferred. Ages below are for valuation feeds."",""DAI/USD not read: DAI balance at the pinned block is zero, so this feed is not used in valuation.""]}","live","2026-08-16/gtSkyLooping/attempt-01185243b0f74099ba40b0a5a834d066/gtSkyLooping-25771073"
"2026-08-17","25778250","0x4f2702fbe6f04e50e3ffbd7f07888a053a165fa96b43889da5a73fe4936e46f3","2026-08-17T23:59:59Z","gtSkyLooping","0xeA40De595f099cA04695b0Ca105499E50AF77f92","USDS","0.999677651100498106","0.995771769719294648","0.999308513086361293","-39.07","-3.69","1500","","{""USDS"":""12732"",""USDT"":""16416""}","[""call-0022"",""call-0023"",""call-0024"",""call-0025""]","{""feeds"":[""call-0001"",""call-0002"",""call-0003"",""call-0004"",""call-0005"",""call-0006"",""call-0007"",""call-0008"",""call-0009"",""call-0010"",""call-0011"",""call-0012"",""call-0013"",""call-0014"",""call-0015"",""call-0016"",""call-0017"",""call-0018"",""call-0019"",""call-0020"",""call-0021"",""call-0022"",""call-0023"",""call-0024"",""call-0025""],""par"":[""call-0001"",""call-0002"",""call-0003"",""call-0004"",""call-0005"",""call-0006"",""call-0007"",""call-0008"",""call-0009"",""call-0010"",""call-0011"",""call-0012"",""call-0013"",""call-0014"",""call-0015"",""call-0016"",""call-0017"",""call-0018"",""call-0019"",""call-0020"",""call-0021"",""call-0022"",""call-0023"",""call-0024"",""call-0025""]}","{""USDS"":[""call-0018"",""call-0019""],""USDT"":[""call-0020"",""call-0021""]}","[]","[]","{""excluded"":[""Assets outside the vault address, including pending provisioner requests"",""Accrued but unclaimed fees""],""underlying"":null,""vault"":[""USDC/USD is not yet sourced in docs/OPERATOR-NOTES.md; value idle USDC at par in both valuations and disclose this in output."",""Borrow APY is an integer fixed-point display approximation; it is not used for accrual."",""Leverage is gross assets divided by equity. Sensitivity is gross debt value / equity * 10; increasing the debt price reduces equity."",""Oracle price() has no update timestamp; no market-oracle age is inferred. Ages below are for valuation feeds."",""DAI/USD not read: DAI balance at the pinned block is zero, so this feed is not used in valuation.""]}","live","2026-08-17/gtSkyLooping/attempt-c2281c64a8ee4fa5b2e5f659863d4316/gtSkyLooping-25778250"
"2026-08-18","25785424","0x9621ff74628a4327a59a0e967bef3a0dd2eb3674dbb442c8235b9efab9e5847b","2026-08-18T23:59:59Z","gtSkyLooping","0xeA40De595f099cA04695b0Ca105499E50AF77f92","USDS","0.998213585573009904","0.995933927288843545","0.999368787384700947","-22.84","11.57","216","","{""USDS"":""16320"",""USDT"":""16392""}","[""call-0022"",""call-0023"",""call-0024"",""call-0025""]","{""feeds"":[""call-0001"",""call-0002"",""call-0003"",""call-0004"",""call-0005"",""call-0006"",""call-0007"",""call-0008"",""call-0009"",""call-0010"",""call-0011"",""call-0012"",""call-0013"",""call-0014"",""call-0015"",""call-0016"",""call-0017"",""call-0018"",""call-0019"",""call-0020"",""call-0021"",""call-0022"",""call-0023"",""call-0024"",""call-0025""],""par"":[""call-0001"",""call-0002"",""call-0003"",""call-0004"",""call-0005"",""call-0006"",""call-0007"",""call-0008"",""call-0009"",""call-0010"",""call-0011"",""call-0012"",""call-0013"",""call-0014"",""call-0015"",""call-0016"",""call-0017"",""call-0018"",""call-0019"",""call-0020"",""call-0021"",""call-0022"",""call-0023"",""call-0024"",""call-0025""]}","{""USDS"":[""call-0018"",""call-0019""],""USDT"":[""call-0020"",""call-0021""]}","[]","[]","{""excluded"":[""Assets outside the vault address, including pending provisioner requests"",""Accrued but unclaimed fees""],""underlying"":null,""vault"":[""USDC/USD is not yet sourced in docs/OPERATOR-NOTES.md; value idle USDC at par in both valuations and disclose this in output."",""Borrow APY is an integer fixed-point display approximation; it is not used for accrual."",""Leverage is gross assets divided by equity. Sensitivity is gross debt value / equity * 10; increasing the debt price reduces equity."",""Oracle price() has no update timestamp; no market-oracle age is inferred. Ages below are for valuation feeds."",""DAI/USD not read: DAI balance at the pinned block is zero, so this feed is not used in valuation.""]}","live","2026-08-18/gtSkyLooping/attempt-600313a5a98b4cceb5129ccd22e7f354/gtSkyLooping-25785424"
"2026-08-19","25792601","0x510f460620d3c53520bbb3de38c052be2440c5bd82fd2254a130f8525f4e08c2","2026-08-19T23:59:59Z","gtSkyLooping","0xeA40De595f099cA04695b0Ca105499E50AF77f92","USDS","0.997661552568298414","0.997663532521231544","0.997662779738214579","0.02","0.01","2436","","{""USDS"":""19896"",""USDT"":""16368""}","[""call-0021"",""call-0022"",""call-0023"",""call-0024""]","{""feeds"":[""call-0001"",""call-0002"",""call-0003"",""call-0004"",""call-0005"",""call-0006"",""call-0007"",""call-0008"",""call-0009"",""call-0010"",""call-0011"",""call-0012"",""call-0013"",""call-0014"",""call-0015"",""call-0016"",""call-0017"",""call-0018"",""call-0019"",""call-0020"",""call-0021"",""call-0022"",""call-0023"",""call-0024""],""par"":[""call-0001"",""call-0002"",""call-0003"",""call-0004"",""call-0005"",""call-0006"",""call-0007"",""call-0008"",""call-0009"",""call-0010"",""call-0011"",""call-0012"",""call-0013"",""call-0014"",""call-0015"",""call-0016"",""call-0017"",""call-0018"",""call-0019"",""call-0020"",""call-0021"",""call-0022"",""call-0023"",""call-0024""]}","{""USDS"":[""call-0017"",""call-0018""],""USDT"":[""call-0019"",""call-0020""]}","[]","[]","{""excluded"":[""Assets outside the vault address, including pending provisioner requests"",""Accrued but unclaimed fees""],""underlying"":null,""vault"":[""USDC/USD is not yet sourced in docs/OPERATOR-NOTES.md; value idle USDC at par in both valuations and disclose this in output."",""Borrow APY is an integer fixed-point display approximation; it is not used for accrual."",""Leverage is gross assets divided by equity. Sensitivity is gross debt value / equity * 10; increasing the debt price reduces equity."",""Oracle price() has no update timestamp; no market-oracle age is inferred. Ages below are for valuation feeds."",""DAI/USD not read: DAI balance at the pinned block is zero, so this feed is not used in valuation.""]}","live","2026-08-19/gtSkyLooping/attempt-d393dee500884127ae3b404a38946cf5/gtSkyLooping-25792601"
"2026-08-20","25799779","0x0fd727d0eed3b9f4258ba30aee4cda0856cc9485413258016c8228d4e1d36548","2026-08-20T23:59:59Z","gtSkyLooping","0xeA40De595f099cA04695b0Ca105499E50AF77f92","USDS","0.997706546038108767","0.997706772689460943","0.997706562923176173","0.00","0.00","1164","","{""USDS"":""23460"",""USDT"":""16356""}","[""call-0021"",""call-0022"",""call-0023"",""call-0024""]","{""feeds"":[""call-0001"",""call-0002"",""call-0003"",""call-0004"",""call-0005"",""call-0006"",""call-0007"",""call-0008"",""call-0009"",""call-0010"",""call-0011"",""call-0012"",""call-0013"",""call-0014"",""call-0015"",""call-0016"",""call-0017"",""call-0018"",""call-0019"",""call-0020"",""call-0021"",""call-0022"",""call-0023"",""call-0024""],""par"":[""call-0001"",""call-0002"",""call-0003"",""call-0004"",""call-0005"",""call-0006"",""call-0007"",""call-0008"",""call-0009"",""call-0010"",""call-0011"",""call-0012"",""call-0013"",""call-0014"",""call-0015"",""call-0016"",""call-0017"",""call-0018"",""call-0019"",""call-0020"",""call-0021"",""call-0022"",""call-0023"",""call-0024""]}","{""USDS"":[""call-0017"",""call-0018""],""USDT"":[""call-0019"",""call-0020""]}","[]","[]","{""excluded"":[""Assets outside the vault address, including pending provisioner requests"",""Accrued but unclaimed fees""],""underlying"":null,""vault"":[""USDC/USD is not yet sourced in docs/OPERATOR-NOTES.md; value idle USDC at par in both valuations and disclose this in output."",""Borrow APY is an integer fixed-point display approximation; it is not used for accrual."",""Leverage is gross assets divided by equity. Sensitivity is gross debt value / equity * 10; increasing the debt price reduces equity."",""Oracle price() has no update timestamp; no market-oracle age is inferred. Ages below are for valuation feeds."",""DAI/USD not read: DAI balance at the pinned block is zero, so this feed is not used in valuation.""]}","live","2026-08-20/gtSkyLooping/attempt-7a5c0c06abd54300b093dddb1c04ab93/gtSkyLooping-25799779"
"2026-08-21","25806958","0xbbfaa4fcf345adbe0f3139c547cdb3b5dc1a4c2df7dcff405751fd1e059cdf28","2026-08-21T23:59:59Z","gtSkyLooping","0xeA40De595f099cA04695b0Ca105499E50AF77f92","USDS","0.997728458318157633","0.997729446074262809","0.997729246606893176","0.01","0.01","3348","","{""USDS"":""27048"",""USDT"":""16320""}","[""call-0021"",""call-0022"",""call-0023"",""call-0024""]","{""feeds"":[""call-0001"",""call-0002"",""call-0003"",""call-0004"",""call-0005"",""call-0006"",""call-0007"",""call-0008"",""call-0009"",""call-0010"",""call-0011"",""call-0012"",""call-0013"",""call-0014"",""call-0015"",""call-0016"",""call-0017"",""call-0018"",""call-0019"",""call-0020"",""call-0021"",""call-0022"",""call-0023"",""call-0024""],""par"":[""call-0001"",""call-0002"",""call-0003"",""call-0004"",""call-0005"",""call-0006"",""call-0007"",""call-0008"",""call-0009"",""call-0010"",""call-0011"",""call-0012"",""call-0013"",""call-0014"",""call-0015"",""call-0016"",""call-0017"",""call-0018"",""call-0019"",""call-0020"",""call-0021"",""call-0022"",""call-0023"",""call-0024""]}","{""USDS"":[""call-0017"",""call-0018""],""USDT"":[""call-0019"",""call-0020""]}","[]","[]","{""excluded"":[""Assets outside the vault address, including pending provisioner requests"",""Accrued but unclaimed fees""],""underlying"":null,""vault"":[""USDC/USD is not yet sourced in docs/OPERATOR-NOTES.md; value idle USDC at par in both valuations and disclose this in output."",""Borrow APY is an integer fixed-point display approximation; it is not used for accrual."",""Leverage is gross assets divided by equity. Sensitivity is gross debt value / equity * 10; increasing the debt price reduces equity."",""Oracle price() has no update timestamp; no market-oracle age is inferred. Ages below are for valuation feeds."",""DAI/USD not read: DAI balance at the pinned block is zero, so this feed is not used in valuation.""]}","live","2026-08-21/gtSkyLooping/attempt-0232f5f0e3f448249732c2ec747b449c/gtSkyLooping-25806958"
"2026-08-22","25814126","0xa12dad3daceefbf67c3b8187dad19e6da1e7d104a36a233c92e4e0726b62a555","2026-08-22T23:59:59Z","gtSkyLooping","0xeA40De595f099cA04695b0Ca105499E50AF77f92","USDS","0.997752330460838566","0.997752121608146498","0.997752157177511572","0.00","0.00","1656","","{""USDS"":""30612"",""USDT"":""16296""}","[""call-0021"",""call-0022"",""call-0023"",""call-0024""]","{""feeds"":[""call-0001"",""call-0002"",""call-0003"",""call-0004"",""call-0005"",""call-0006"",""call-0007"",""call-0008"",""call-0009"",""call-0010"",""call-0011"",""call-0012"",""call-0013"",""call-0014"",""call-0015"",""call-0016"",""call-0017"",""call-0018"",""call-0019"",""call-0020"",""call-0021"",""call-0022"",""call-0023"",""call-0024""],""par"":[""call-0001"",""call-0002"",""call-0003"",""call-0004"",""call-0005"",""call-0006"",""call-0007"",""call-0008"",""call-0009"",""call-0010"",""call-0011"",""call-0012"",""call-0013"",""call-0014"",""call-0015"",""call-0016"",""call-0017"",""call-0018"",""call-0019"",""call-0020"",""call-0021"",""call-0022"",""call-0023"",""call-0024""]}","{""USDS"":[""call-0017"",""call-0018""],""USDT"":[""call-0019"",""call-0020""]}","[]","[]","{""excluded"":[""Assets outside the vault address, including pending provisioner requests"",""Accrued but unclaimed fees""],""underlying"":null,""vault"":[""USDC/USD is not yet sourced in docs/OPERATOR-NOTES.md; value idle USDC at par in both valuations and disclose this in output."",""Borrow APY is an integer fixed-point display approximation; it is not used for accrual."",""Leverage is gross assets divided by equity. Sensitivity is gross debt value / equity * 10; increasing the debt price reduces equity."",""Oracle price() has no update timestamp; no market-oracle age is inferred. Ages below are for valuation feeds."",""DAI/USD not read: DAI balance at the pinned block is zero, so this feed is not used in valuation.""]}","live","2026-08-22/gtSkyLooping/attempt-002c8bce4f744325890685166d2009da/gtSkyLooping-25814126"
"2026-08-23","25821305","0x9367015d21f9f83bf7fb25cc18bdf8b6c0dc6ba83121067c45c087d86d86d81d","2026-08-23T23:59:59Z","gtSkyLooping","0xeA40De595f099cA04695b0Ca105499E50AF77f92","USDS","0.997774769896618833","0.997774799291315711","0.997774818011614354","0.00","0.00","228","","{""USDS"":""34176"",""USDT"":""16284""}","[""call-0021"",""call-0022"",""call-0023"",""call-0024""]","{""feeds"":[""call-0001"",""call-0002"",""call-0003"",""call-0004"",""call-0005"",""call-0006"",""call-0007"",""call-0008"",""call-0009"",""call-0010"",""call-0011"",""call-0012"",""call-0013"",""call-0014"",""call-0015"",""call-0016"",""call-0017"",""call-0018"",""call-0019"",""call-0020"",""call-0021"",""call-0022"",""call-0023"",""call-0024""],""par"":[""call-0001"",""call-0002"",""call-0003"",""call-0004"",""call-0005"",""call-0006"",""call-0007"",""call-0008"",""call-0009"",""call-0010"",""call-0011"",""call-0012"",""call-0013"",""call-0014"",""call-0015"",""call-0016"",""call-0017"",""call-0018"",""call-0019"",""call-0020"",""call-0021"",""call-0022"",""call-0023"",""call-0024""]}","{""USDS"":[""call-0017"",""call-0018""],""USDT"":[""call-0019"",""call-0020""]}","[]","[]","{""excluded"":[""Assets outside the vault address, including pending provisioner requests"",""Accrued but unclaimed fees""],""underlying"":null,""vault"":[""USDC/USD is not yet sourced in docs/OPERATOR-NOTES.md; value idle USDC at par in both valuations and disclose this in output."",""Borrow APY is an integer fixed-point display approximation; it is not used for accrual."",""Leverage is gross assets divided by equity. Sensitivity is gross debt value / equity * 10; increasing the debt price reduces equity."",""Oracle price() has no update timestamp; no market-oracle age is inferred. Ages below are for valuation feeds."",""DAI/USD not read: DAI balance at the pinned block is zero, so this feed is not used in valuation.""]}","live","2026-08-23/gtSkyLooping/attempt-dd0aa1d45bf84060bfc25c5005f19e19/gtSkyLooping-25821305"
"2026-08-24","25828483","0x45e78487511b3b9a431e516e784de488c8315cc4315c33acfdba8a8926988f81","2026-08-24T23:59:59Z","gtSkyLooping","0xeA40De595f099cA04695b0Ca105499E50AF77f92","USDS","0.997797110478894120","0.997797479123974165","0.997797440997344116","0.00","0.00","1104","","{""USDS"":""37752"",""USDT"":""16272""}","[""call-0021"",""call-0022"",""call-0023"",""call-0024""]","{""feeds"":[""call-0001"",""call-0002"",""call-0003"",""call-0004"",""call-0005"",""call-0006"",""call-0007"",""call-0008"",""call-0009"",""call-0010"",""call-0011"",""call-0012"",""call-0013"",""call-0014"",""call-0015"",""call-0016"",""call-0017"",""call-0018"",""call-0019"",""call-0020"",""call-0021"",""call-0022"",""call-0023"",""call-0024""],""par"":[""call-0001"",""call-0002"",""call-0003"",""call-0004"",""call-0005"",""call-0006"",""call-0007"",""call-0008"",""call-0009"",""call-0010"",""call-0011"",""call-0012"",""call-0013"",""call-0014"",""call-0015"",""call-0016"",""call-0017"",""call-0018"",""call-0019"",""call-0020"",""call-0021"",""call-0022"",""call-0023"",""call-0024""]}","{""USDS"":[""call-0017"",""call-0018""],""USDT"":[""call-0019"",""call-0020""]}","[]","[]","{""excluded"":[""Assets outside the vault address, including pending provisioner requests"",""Accrued but unclaimed fees""],""underlying"":null,""vault"":[""USDC/USD is not yet sourced in docs/OPERATOR-NOTES.md; value idle USDC at par in both valuations and disclose this in output."",""Borrow APY is an integer fixed-point display approximation; it is not used for accrual."",""Leverage is gross assets divided by equity. Sensitivity is gross debt value / equity * 10; increasing the debt price reduces equity."",""Oracle price() has no update timestamp; no market-oracle age is inferred. Ages below are for valuation feeds."",""DAI/USD not read: DAI balance at the pinned block is zero, so this feed is not used in valuation.""]}","live","2026-08-24/gtSkyLooping/attempt-92b2e585200a4d55a67a3ce2c5b1e2a3/gtSkyLooping-25828483"
"2026-08-25","25835657","0x8643113fc704a773c275b8fa53084941e5db67ff9a35336602e691ee56d75e5a","2026-08-25T23:59:59Z","gtSkyLooping","0xeA40De595f099cA04695b0Ca105499E50AF77f92","USDS","0.996669009503549516","0.997533233758384650","0.998136462002002544","8.67","14.72","3708","","{""USDS"":""41340"",""USDT"":""16248""}","[""call-0022"",""call-0023"",""call-0024"",""call-0025""]","{""feeds"":[""call-0001"",""call-0002"",""call-0003"",""call-0004"",""call-0005"",""call-0006"",""call-0007"",""call-0008"",""call-0009"",""call-0010"",""call-0011"",""call-0012"",""call-0013"",""call-0014"",""call-0015"",""call-0016"",""call-0017"",""call-0018"",""call-0019"",""call-0020"",""call-0021"",""call-0022"",""call-0023"",""call-0024"",""call-0025""],""par"":[""call-0001"",""call-0002"",""call-0003"",""call-0004"",""call-0005"",""call-0006"",""call-0007"",""call-0008"",""call-0009"",""call-0010"",""call-0011"",""call-0012"",""call-0013"",""call-0014"",""call-0015"",""call-0016"",""call-0017"",""call-0018"",""call-0019"",""call-0020"",""call-0021"",""call-0022"",""call-0023"",""call-0024"",""call-0025""]}","{""USDS"":[""call-0018"",""call-0019""],""USDT"":[""call-0020"",""call-0021""]}","[]","[]","{""excluded"":[""Assets outside the vault address, including pending provisioner requests"",""Accrued but unclaimed fees""],""underlying"":null,""vault"":[""USDC/USD is not yet sourced in docs/OPERATOR-NOTES.md; value idle USDC at par in both valuations and disclose this in output."",""Borrow APY is an integer fixed-point display approximation; it is not used for accrual."",""Leverage is gross assets divided by equity. Sensitivity is gross debt value / equity * 10; increasing the debt price reduces equity."",""Oracle price() has no update timestamp; no market-oracle age is inferred. Ages below are for valuation feeds."",""DAI/USD not read: DAI balance at the pinned block is zero, so this feed is not used in valuation.""]}","live","2026-08-25/gtSkyLooping/attempt-c8c9c4a625654256871385d78985ae76/gtSkyLooping-25835657"
"2026-08-26","25842829","0x94aad9c666f9e74404dc80662127154cef6bb0cc9b28e583b20cd2108154aa55","2026-08-26T23:59:59Z","gtSkyLooping","0xeA40De595f099cA04695b0Ca105499E50AF77f92","USDS","0.989454294303052625","0.995926084158130635","0.995624600565421451","65.41","62.36","2040","","{""USDS"":""44904"",""USDT"":""16236""}","[""call-0023"",""call-0024"",""call-0025"",""call-0026""]","{""feeds"":[""call-0001"",""call-0002"",""call-0003"",""call-0004"",""call-0005"",""call-0006"",""call-0007"",""call-0008"",""call-0009"",""call-0010"",""call-0011"",""call-0012"",""call-0013"",""call-0014"",""call-0015"",""call-0016"",""call-0017"",""call-0018"",""call-0019"",""call-0020"",""call-0021"",""call-0022"",""call-0023"",""call-0024"",""call-0025"",""call-0026""],""par"":[""call-0001"",""call-0002"",""call-0003"",""call-0004"",""call-0005"",""call-0006"",""call-0007"",""call-0008"",""call-0009"",""call-0010"",""call-0011"",""call-0012"",""call-0013"",""call-0014"",""call-0015"",""call-0016"",""call-0017"",""call-0018"",""call-0019"",""call-0020"",""call-0021"",""call-0022"",""call-0023"",""call-0024"",""call-0025"",""call-0026""]}","{""USDS"":[""call-0019"",""call-0020""],""USDT"":[""call-0021"",""call-0022""]}","[]","[]","{""excluded"":[""Assets outside the vault address, including pending provisioner requests"",""Accrued but unclaimed fees""],""underlying"":null,""vault"":[""USDC/USD is not yet sourced in docs/OPERATOR-NOTES.md; value idle USDC at par in both valuations and disclose this in output."",""Borrow APY is an integer fixed-point display approximation; it is not used for accrual."",""Leverage is gross assets divided by equity. Sensitivity is gross debt value / equity * 10; increasing the debt price reduces equity."",""Oracle price() has no update timestamp; no market-oracle age is inferred. Ages below are for valuation feeds."",""DAI/USD not read: DAI balance at the pinned block is zero, so this feed is not used in valuation.""]}","live","2026-08-26/gtSkyLooping/attempt-0f8446e06c954c2eadb43e8412e3a45d/gtSkyLooping-25842829"
"2026-08-27","25850009","0x69999ae658e1c3d736f9f883896d37709cf633ba3d9cc48e0efa693c639ce522","2026-08-27T23:59:59Z","gtSkyLooping","0xeA40De595f099cA04695b0Ca105499E50AF77f92","USDS","0.994734940266612296","0.995424250155353786","0.995254000926064691","6.93","5.22","444","","{""USDS"":""48468"",""USDT"":""16224""}","[""call-0023"",""call-0024"",""call-0025"",""call-0026""]","{""feeds"":[""call-0001"",""call-0002"",""call-0003"",""call-0004"",""call-0005"",""call-0006"",""call-0007"",""call-0008"",""call-0009"",""call-0010"",""call-0011"",""call-0012"",""call-0013"",""call-0014"",""call-0015"",""call-0016"",""call-0017"",""call-0018"",""call-0019"",""call-0020"",""call-0021"",""call-0022"",""call-0023"",""call-0024"",""call-0025"",""call-0026""],""par"":[""call-0001"",""call-0002"",""call-0003"",""call-0004"",""call-0005"",""call-0006"",""call-0007"",""call-0008"",""call-0009"",""call-0010"",""call-0011"",""call-0012"",""call-0013"",""call-0014"",""call-0015"",""call-0016"",""call-0017"",""call-0018"",""call-0019"",""call-0020"",""call-0021"",""call-0022"",""call-0023"",""call-0024"",""call-0025"",""call-0026""]}","{""USDS"":[""call-0019"",""call-0020""],""USDT"":[""call-0021"",""call-0022""]}","[]","[]","{""excluded"":[""Assets outside the vault address, including pending provisioner requests"",""Accrued but unclaimed fees""],""underlying"":null,""vault"":[""USDC/USD is not yet sourced in docs/OPERATOR-NOTES.md; value idle USDC at par in both valuations and disclose this in output."",""Borrow APY is an integer fixed-point display approximation; it is not used for accrual."",""Leverage is gross assets divided by equity. Sensitivity is gross debt value / equity * 10; increasing the debt price reduces equity."",""Oracle price() has no update timestamp; no market-oracle age is inferred. Ages below are for valuation feeds."",""DAI/USD not read: DAI balance at the pinned block is zero, so this feed is not used in valuation.""]}","live","2026-08-27/gtSkyLooping/attempt-27aaa91ca0164c40bab13a6b1be8f120/gtSkyLooping-25850009"
"2026-08-28","25857181","0xefb45989f13d48f0a7953da6db003a8676241949531189b69cd25543b6ebc6a2","2026-08-28T23:59:59Z","gtSkyLooping","0xeA40De595f099cA04695b0Ca105499E50AF77f92","USDS","0.995524537496174467","0.995753073590110867","0.996100613316136139","2.30","5.79","2088","","{""USDS"":""52044"",""USDT"":""16212""}","[""call-0022"",""call-0023"",""call-0024"",""call-0025""]","{""feeds"":[""call-0001"",""call-0002"",""call-0003"",""call-0004"",""call-0005"",""call-0006"",""call-0007"",""call-0008"",""call-0009"",""call-0010"",""call-0011"",""call-0012"",""call-0013"",""call-0014"",""call-0015"",""call-0016"",""call-0017"",""call-0018"",""call-0019"",""call-0020"",""call-0021"",""call-0022"",""call-0023"",""call-0024"",""call-0025""],""par"":[""call-0001"",""call-0002"",""call-0003"",""call-0004"",""call-0005"",""call-0006"",""call-0007"",""call-0008"",""call-0009"",""call-0010"",""call-0011"",""call-0012"",""call-0013"",""call-0014"",""call-0015"",""call-0016"",""call-0017"",""call-0018"",""call-0019"",""call-0020"",""call-0021"",""call-0022"",""call-0023"",""call-0024"",""call-0025""]}","{""USDS"":[""call-0018"",""call-0019""],""USDT"":[""call-0020"",""call-0021""]}","[]","[]","{""excluded"":[""Assets outside the vault address, including pending provisioner requests"",""Accrued but unclaimed fees""],""underlying"":null,""vault"":[""USDC/USD is not yet sourced in docs/OPERATOR-NOTES.md; value idle USDC at par in both valuations and disclose this in output."",""Borrow APY is an integer fixed-point display approximation; it is not used for accrual."",""Leverage is gross assets divided by equity. Sensitivity is gross debt value / equity * 10; increasing the debt price reduces equity."",""Oracle price() has no update timestamp; no market-oracle age is inferred. Ages below are for valuation feeds."",""DAI/USD not read: DAI balance at the pinned block is zero, so this feed is not used in valuation.""]}","live","2026-08-28/gtSkyLooping/attempt-f912a1c540a546c2b545a7bd910a8c01/gtSkyLooping-25857181"
"2026-08-29","25864358","0x372e0f63f0ff0efb4fc4566a26e9ff27e03ee0b5ddfb3506f2fcea208809b9cf","2026-08-29T23:59:59Z","gtSkyLooping","0xeA40De595f099cA04695b0Ca105499E50AF77f92","USDS","0.995110936218204723","0.995889250160079764","0.995676465600286101","7.82","5.68","3684","","{""USDS"":""55620"",""USDT"":""16176""}","[""call-0021"",""call-0022"",""call-0023"",""call-0024""]","{""feeds"":[""call-0001"",""call-0002"",""call-0003"",""call-0004"",""call-0005"",""call-0006"",""call-0007"",""call-0008"",""call-0009"",""call-0010"",""call-0011"",""call-0012"",""call-0013"",""call-0014"",""call-0015"",""call-0016"",""call-0017"",""call-0018"",""call-0019"",""call-0020"",""call-0021"",""call-0022"",""call-0023"",""call-0024""],""par"":[""call-0001"",""call-0002"",""call-0003"",""call-0004"",""call-0005"",""call-0006"",""call-0007"",""call-0008"",""call-0009"",""call-0010"",""call-0011"",""call-0012"",""call-0013"",""call-0014"",""call-0015"",""call-0016"",""call-0017"",""call-0018"",""call-0019"",""call-0020"",""call-0021"",""call-0022"",""call-0023"",""call-0024""]}","{""USDS"":[""call-0017"",""call-0018""],""USDT"":[""call-0019"",""call-0020""]}","[]","[]","{""excluded"":[""Assets outside the vault address, including pending provisioner requests"",""Accrued but unclaimed fees""],""underlying"":null,""vault"":[""USDC/USD is not yet sourced in docs/OPERATOR-NOTES.md; value idle USDC at par in both valuations and disclose this in output."",""Borrow APY is an integer fixed-point display approximation; it is not used for accrual."",""Leverage is gross assets divided by equity. Sensitivity is gross debt value / equity * 10; increasing the debt price reduces equity."",""Oracle price() has no update timestamp; no market-oracle age is inferred. Ages below are for valuation feeds."",""DAI/USD not read: DAI balance at the pinned block is zero, so this feed is not used in valuation.""]}","live","2026-08-29/gtSkyLooping/attempt-2f9185c3d4fc4bf6a53c29201d79ed7c/gtSkyLooping-25864358"
"2026-08-30","25871535","0xd28e5051104d6f578ddde8d76a17300bc6f0d3a2b31e36d5a6844bd66aa87e5b","2026-08-30T23:59:59Z","gtSkyLooping","0xeA40De595f099cA04695b0Ca105499E50AF77f92","USDS","0.995545099795198716","0.996023048292115232","0.996238232375399367","4.80","6.96","2220","","{""USDS"":""59196"",""USDT"":""16152""}","[""call-0021"",""call-0022"",""call-0023"",""call-0024""]","{""feeds"":[""call-0001"",""call-0002"",""call-0003"",""call-0004"",""call-0005"",""call-0006"",""call-0007"",""call-0008"",""call-0009"",""call-0010"",""call-0011"",""call-0012"",""call-0013"",""call-0014"",""call-0015"",""call-0016"",""call-0017"",""call-0018"",""call-0019"",""call-0020"",""call-0021"",""call-0022"",""call-0023"",""call-0024""],""par"":[""call-0001"",""call-0002"",""call-0003"",""call-0004"",""call-0005"",""call-0006"",""call-0007"",""call-0008"",""call-0009"",""call-0010"",""call-0011"",""call-0012"",""call-0013"",""call-0014"",""call-0015"",""call-0016"",""call-0017"",""call-0018"",""call-0019"",""call-0020"",""call-0021"",""call-0022"",""call-0023"",""call-0024""]}","{""USDS"":[""call-0017"",""call-0018""],""USDT"":[""call-0019"",""call-0020""]}","[]","[]","{""excluded"":[""Assets outside the vault address, including pending provisioner requests"",""Accrued but unclaimed fees""],""underlying"":null,""vault"":[""USDC/USD is not yet sourced in docs/OPERATOR-NOTES.md; value idle USDC at par in both valuations and disclose this in output."",""Borrow APY is an integer fixed-point display approximation; it is not used for accrual."",""Leverage is gross assets divided by equity. Sensitivity is gross debt value / equity * 10; increasing the debt price reduces equity."",""Oracle price() has no update timestamp; no market-oracle age is inferred. Ages below are for valuation feeds."",""DAI/USD not read: DAI balance at the pinned block is zero, so this feed is not used in valuation.""]}","live","2026-08-30/gtSkyLooping/attempt-88905449fe58442bb3ae152758c26984/gtSkyLooping-25871535"
"2026-08-31","25878704","0x1d63bf12e101c849b9e8bceca81a71d801735fca65ff9f1f12284e9d77c20547","2026-08-31T23:59:59Z","gtSkyLooping","0xeA40De595f099cA04695b0Ca105499E50AF77f92","USDS","0.996544371043240335","0.996323764965493778","0.996524084896994697","-2.21","-0.20","3336","","{""USDS"":""62784"",""USDT"":""16128""}","[""call-0022"",""call-0023"",""call-0024"",""call-0025""]","{""feeds"":[""call-0001"",""call-0002"",""call-0003"",""call-0004"",""call-0005"",""call-0006"",""call-0007"",""call-0008"",""call-0009"",""call-0010"",""call-0011"",""call-0012"",""call-0013"",""call-0014"",""call-0015"",""call-0016"",""call-0017"",""call-0018"",""call-0019"",""call-0020"",""call-0021"",""call-0022"",""call-0023"",""call-0024"",""call-0025""],""par"":[""call-0001"",""call-0002"",""call-0003"",""call-0004"",""call-0005"",""call-0006"",""call-0007"",""call-0008"",""call-0009"",""call-0010"",""call-0011"",""call-0012"",""call-0013"",""call-0014"",""call-0015"",""call-0016"",""call-0017"",""call-0018"",""call-0019"",""call-0020"",""call-0021"",""call-0022"",""call-0023"",""call-0024"",""call-0025""]}","{""USDS"":[""call-0018"",""call-0019""],""USDT"":[""call-0020"",""call-0021""]}","[]","[]","{""excluded"":[""Assets outside the vault address, including pending provisioner requests"",""Accrued but unclaimed fees""],""underlying"":null,""vault"":[""USDC/USD is not yet sourced in docs/OPERATOR-NOTES.md; value idle USDC at par in both valuations and disclose this in output."",""Borrow APY is an integer fixed-point display approximation; it is not used for accrual."",""Leverage is gross assets divided by equity. Sensitivity is gross debt value / equity * 10; increasing the debt price reduces equity."",""Oracle price() has no update timestamp; no market-oracle age is inferred. Ages below are for valuation feeds."",""DAI/USD not read: DAI balance at the pinned block is zero, so this feed is not used in valuation.""]}","live","2026-08-31/gtSkyLooping/attempt-8df98ac4021941ceb214cce4b5e0a799/gtSkyLooping-25878704"
"2026-09-01","25885878","0x8a61a551a4d9a1dc4a4b67c18b88096aa420846178561ddc03ec4cb0f5f91320","2026-09-01T23:59:59Z","gtSkyLooping","0xeA40De595f099cA04695b0Ca105499E50AF77f92","USDS","0.996865151911468319","0.996461634769011403","0.997514771128399441","-4.05","6.52","3696","","{""USDS"":""66372"",""USDT"":""16116""}","[""call-0023"",""call-0024"",""call-0025"",""call-0026""]","{""feeds"":[""call-0001"",""call-0002"",""call-0003"",""call-0004"",""call-0005"",""call-0006"",""call-0007"",""call-0008"",""call-0009"",""call-0010"",""call-0011"",""call-0012"",""call-0013"",""call-0014"",""call-0015"",""call-0016"",""call-0017"",""call-0018"",""call-0019"",""call-0020"",""call-0021"",""call-0022"",""call-0023"",""call-0024"",""call-0025"",""call-0026""],""par"":[""call-0001"",""call-0002"",""call-0003"",""call-0004"",""call-0005"",""call-0006"",""call-0007"",""call-0008"",""call-0009"",""call-0010"",""call-0011"",""call-0012"",""call-0013"",""call-0014"",""call-0015"",""call-0016"",""call-0017"",""call-0018"",""call-0019"",""call-0020"",""call-0021"",""call-0022"",""call-0023"",""call-0024"",""call-0025"",""call-0026""]}","{""USDS"":[""call-0019"",""call-0020""],""USDT"":[""call-0021"",""call-0022""]}","[]","[]","{""excluded"":[""Assets outside the vault address, including pending provisioner requests"",""Accrued but unclaimed fees""],""underlying"":null,""vault"":[""USDC/USD is not yet sourced in docs/OPERATOR-NOTES.md; value idle USDC at par in both valuations and disclose this in output."",""Borrow APY is an integer fixed-point display approximation; it is not used for accrual."",""Leverage is gross assets divided by equity. Sensitivity is gross debt value / equity * 10; increasing the debt price reduces equity."",""Oracle price() has no update timestamp; no market-oracle age is inferred. Ages below are for valuation feeds."",""DAI/USD not read: DAI balance at the pinned block is zero, so this feed is not used in valuation.""]}","live","2026-09-01/gtSkyLooping/attempt-ef5b13dd74424a16896e157101009127/gtSkyLooping-25885878"
"2026-09-02","25893051","0xe295a9825738edc24b290b86123e6d56ead47d9299732db7e08f6083ebcf3416","2026-09-02T23:59:59Z","gtSkyLooping","0xeA40De595f099cA04695b0Ca105499E50AF77f92","USDS","0.996506085292148122","0.996240345688945614","0.997280291349997920","-2.67","7.77","2148","","{""USDS"":""69948"",""USDT"":""16080""}","[""call-0023"",""call-0024"",""call-0025"",""call-0026""]","{""feeds"":[""call-0001"",""call-0002"",""call-0003"",""call-0004"",""call-0005"",""call-0006"",""call-0007"",""call-0008"",""call-0009"",""call-0010"",""call-0011"",""call-0012"",""call-0013"",""call-0014"",""call-0015"",""call-0016"",""call-0017"",""call-0018"",""call-0019"",""call-0020"",""call-0021"",""call-0022"",""call-0023"",""call-0024"",""call-0025"",""call-0026""],""par"":[""call-0001"",""call-0002"",""call-0003"",""call-0004"",""call-0005"",""call-0006"",""call-0007"",""call-0008"",""call-0009"",""call-0010"",""call-0011"",""call-0012"",""call-0013"",""call-0014"",""call-0015"",""call-0016"",""call-0017"",""call-0018"",""call-0019"",""call-0020"",""call-0021"",""call-0022"",""call-0023"",""call-0024"",""call-0025"",""call-0026""]}","{""USDS"":[""call-0019"",""call-0020""],""USDT"":[""call-0021"",""call-0022""]}","[]","[]","{""excluded"":[""Assets outside the vault address, including pending provisioner requests"",""Accrued but unclaimed fees""],""underlying"":null,""vault"":[""USDC/USD is not yet sourced in docs/OPERATOR-NOTES.md; value idle USDC at par in both valuations and disclose this in output."",""Borrow APY is an integer fixed-point display approximation; it is not used for accrual."",""Leverage is gross assets divided by equity. Sensitivity is gross debt value / equity * 10; increasing the debt price reduces equity."",""Oracle price() has no update timestamp; no market-oracle age is inferred. Ages below are for valuation feeds."",""DAI/USD not read: DAI balance at the pinned block is zero, so this feed is not used in valuation.""]}","live","2026-09-02/gtSkyLooping/attempt-fdd25c019973485c85ea7d491f8817ac/gtSkyLooping-25893051"
"2026-09-03","25900226","0xdfc5ce3b30d350a18f46f8a608dbfdaff12d989e284415ce46ecc778f689d6de","2026-09-03T23:59:59Z","gtSkyLooping","0xeA40De595f099cA04695b0Ca105499E50AF77f92","USDS","0.997006595613850869","0.997009563581553690","0.997009735664748925","0.03","0.03","2700","","{""USDS"":""73512"",""USDT"":""16056""}","[""call-0021"",""call-0022"",""call-0023"",""call-0024""]","{""feeds"":[""call-0001"",""call-0002"",""call-0003"",""call-0004"",""call-0005"",""call-0006"",""call-0007"",""call-0008"",""call-0009"",""call-0010"",""call-0011"",""call-0012"",""call-0013"",""call-0014"",""call-0015"",""call-0016"",""call-0017"",""call-0018"",""call-0019"",""call-0020"",""call-0021"",""call-0022"",""call-0023"",""call-0024""],""par"":[""call-0001"",""call-0002"",""call-0003"",""call-0004"",""call-0005"",""call-0006"",""call-0007"",""call-0008"",""call-0009"",""call-0010"",""call-0011"",""call-0012"",""call-0013"",""call-0014"",""call-0015"",""call-0016"",""call-0017"",""call-0018"",""call-0019"",""call-0020"",""call-0021"",""call-0022"",""call-0023"",""call-0024""]}","{""USDS"":[""call-0017"",""call-0018""],""USDT"":[""call-0019"",""call-0020""]}","[]","[]","{""excluded"":[""Assets outside the vault address, including pending provisioner requests"",""Accrued but unclaimed fees""],""underlying"":null,""vault"":[""USDC/USD is not yet sourced in docs/OPERATOR-NOTES.md; value idle USDC at par in both valuations and disclose this in output."",""Borrow APY is an integer fixed-point display approximation; it is not used for accrual."",""Leverage is gross assets divided by equity. Sensitivity is gross debt value / equity * 10; increasing the debt price reduces equity."",""Oracle price() has no update timestamp; no market-oracle age is inferred. Ages below are for valuation feeds."",""DAI/USD not read: DAI balance at the pinned block is zero, so this feed is not used in valuation.""]}","live","2026-09-03/gtSkyLooping/attempt-e78252c169dc4d72b72e2f1c1657a133/gtSkyLooping-25900226"
"2026-09-04","25907399","0x66f45efae86f3880897a77edb079487f4cf330dc9d1a76bcc64f3bea2daba978","2026-09-04T23:59:59Z","gtSkyLooping","0xeA40De595f099cA04695b0Ca105499E50AF77f92","USDS","0.997105749948856494","0.997106042444942432","0.997106236919107928","0.00","0.00","744","","{""USDS"":""77100"",""USDT"":""16044""}","[""call-0021"",""call-0022"",""call-0023"",""call-0024""]","{""feeds"":[""call-0001"",""call-0002"",""call-0003"",""call-0004"",""call-0005"",""call-0006"",""call-0007"",""call-0008"",""call-0009"",""call-0010"",""call-0011"",""call-0012"",""call-0013"",""call-0014"",""call-0015"",""call-0016"",""call-0017"",""call-0018"",""call-0019"",""call-0020"",""call-0021"",""call-0022"",""call-0023"",""call-0024""],""par"":[""call-0001"",""call-0002"",""call-0003"",""call-0004"",""call-0005"",""call-0006"",""call-0007"",""call-0008"",""call-0009"",""call-0010"",""call-0011"",""call-0012"",""call-0013"",""call-0014"",""call-0015"",""call-0016"",""call-0017"",""call-0018"",""call-0019"",""call-0020"",""call-0021"",""call-0022"",""call-0023"",""call-0024""]}","{""USDS"":[""call-0017"",""call-0018""],""USDT"":[""call-0019"",""call-0020""]}","[]","[]","{""excluded"":[""Assets outside the vault address, including pending provisioner requests"",""Accrued but unclaimed fees""],""underlying"":null,""vault"":[""USDC/USD is not yet sourced in docs/OPERATOR-NOTES.md; value idle USDC at par in both valuations and disclose this in output."",""Borrow APY is an integer fixed-point display approximation; it is not used for accrual."",""Leverage is gross assets divided by equity. Sensitivity is gross debt value / equity * 10; increasing the debt price reduces equity."",""Oracle price() has no update timestamp; no market-oracle age is inferred. Ages below are for valuation feeds."",""DAI/USD not read: DAI balance at the pinned block is zero, so this feed is not used in valuation.""]}","live","2026-09-04/gtSkyLooping/attempt-6e10f2596609498b8939a157da8c39d5/gtSkyLooping-25907399"
"2026-09-05","25914574","0xa6b213edae3b57f3f220c525f146776be8880ba84c4ba4b122859db562d0f0ad","2026-09-05T23:59:59Z","gtSkyLooping","0xeA40De595f099cA04695b0Ca105499E50AF77f92","USDS","0.997199153926308294","0.997202523223686164","0.997202773757788338","0.03","0.04","3252","","{""USDS"":""80664"",""USDT"":""16008""}","[""call-0021"",""call-0022"",""call-0023"",""call-0024""]","{""feeds"":[""call-0001"",""call-0002"",""call-0003"",""call-0004"",""call-0005"",""call-0006"",""call-0007"",""call-0008"",""call-0009"",""call-0010"",""call-0011"",""call-0012"",""call-0013"",""call-0014"",""call-0015"",""call-0016"",""call-0017"",""call-0018"",""call-0019"",""call-0020"",""call-0021"",""call-0022"",""call-0023"",""call-0024""],""par"":[""call-0001"",""call-0002"",""call-0003"",""call-0004"",""call-0005"",""call-0006"",""call-0007"",""call-0008"",""call-0009"",""call-0010"",""call-0011"",""call-0012"",""call-0013"",""call-0014"",""call-0015"",""call-0016"",""call-0017"",""call-0018"",""call-0019"",""call-0020"",""call-0021"",""call-0022"",""call-0023"",""call-0024""]}","{""USDS"":[""call-0017"",""call-0018""],""USDT"":[""call-0019"",""call-0020""]}","[]","[]","{""excluded"":[""Assets outside the vault address, including pending provisioner requests"",""Accrued but unclaimed fees""],""underlying"":null,""vault"":[""USDC/USD is not yet sourced in docs/OPERATOR-NOTES.md; value idle USDC at par in both valuations and disclose this in output."",""Borrow APY is an integer fixed-point display approximation; it is not used for accrual."",""Leverage is gross assets divided by equity. Sensitivity is gross debt value / equity * 10; increasing the debt price reduces equity."",""Oracle price() has no update timestamp; no market-oracle age is inferred. Ages below are for valuation feeds."",""DAI/USD not read: DAI balance at the pinned block is zero, so this feed is not used in valuation.""]}","live","2026-09-05/gtSkyLooping/attempt-580ad94effa54a2581c76c284d7d3c90/gtSkyLooping-25914574"
"2026-09-06","25921753","0xd38643588d32077172dc11c41ed59f5e679a06420c6bc489b65f6e155bfd68c0","2026-09-06T23:59:59Z","gtSkyLooping","0xeA40De595f099cA04695b0Ca105499E50AF77f92","USDS","0.996764372053638348","0.997376092516947790","0.997241903842294380","6.14","4.79","1248","","{""USDS"":""1428"",""USDT"":""16008""}","[""call-0023"",""call-0024"",""call-0025"",""call-0026""]","{""feeds"":[""call-0001"",""call-0002"",""call-0003"",""call-0004"",""call-0005"",""call-0006"",""call-0007"",""call-0008"",""call-0009"",""call-0010"",""call-0011"",""call-0012"",""call-0013"",""call-0014"",""call-0015"",""call-0016"",""call-0017"",""call-0018"",""call-0019"",""call-0020"",""call-0021"",""call-0022"",""call-0023"",""call-0024"",""call-0025"",""call-0026""],""par"":[""call-0001"",""call-0002"",""call-0003"",""call-0004"",""call-0005"",""call-0006"",""call-0007"",""call-0008"",""call-0009"",""call-0010"",""call-0011"",""call-0012"",""call-0013"",""call-0014"",""call-0015"",""call-0016"",""call-0017"",""call-0018"",""call-0019"",""call-0020"",""call-0021"",""call-0022"",""call-0023"",""call-0024"",""call-0025"",""call-0026""]}","{""USDS"":[""call-0019"",""call-0020""],""USDT"":[""call-0021"",""call-0022""]}","[]","[]","{""excluded"":[""Assets outside the vault address, including pending provisioner requests"",""Accrued but unclaimed fees""],""underlying"":null,""vault"":[""USDC/USD is not yet sourced in docs/OPERATOR-NOTES.md; value idle USDC at par in both valuations and disclose this in output."",""Borrow APY is an integer fixed-point display approximation; it is not used for accrual."",""Leverage is gross assets divided by equity. Sensitivity is gross debt value / equity * 10; increasing the debt price reduces equity."",""Oracle price() has no update timestamp; no market-oracle age is inferred. Ages below are for valuation feeds."",""DAI/USD not read: DAI balance at the pinned block is zero, so this feed is not used in valuation.""]}","live","2026-09-06/gtSkyLooping/attempt-96018e1fce9e45e6a59f735cda4ca4ae/gtSkyLooping-25921753"
"2026-09-07","25928919","0xffea1eeb857655999f2906d97141717d005deffe4f938bc2264dba8ed1a0608d","2026-09-07T23:59:59Z","gtSkyLooping","0xeA40De595f099cA04695b0Ca105499E50AF77f92","USDS","0.997612069597191832","0.997477471583148495","0.997516294922545295","-1.35","-0.96","3240","","{""USDS"":""4992"",""USDT"":""15984""}","[""call-0023"",""call-0024"",""call-0025"",""call-0026""]","{""feeds"":[""call-0001"",""call-0002"",""call-0003"",""call-0004"",""call-0005"",""call-0006"",""call-0007"",""call-0008"",""call-0009"",""call-0010"",""call-0011"",""call-0012"",""call-0013"",""call-0014"",""call-0015"",""call-0016"",""call-0017"",""call-0018"",""call-0019"",""call-0020"",""call-0021"",""call-0022"",""call-0023"",""call-0024"",""call-0025"",""call-0026""],""par"":[""call-0001"",""call-0002"",""call-0003"",""call-0004"",""call-0005"",""call-0006"",""call-0007"",""call-0008"",""call-0009"",""call-0010"",""call-0011"",""call-0012"",""call-0013"",""call-0014"",""call-0015"",""call-0016"",""call-0017"",""call-0018"",""call-0019"",""call-0020"",""call-0021"",""call-0022"",""call-0023"",""call-0024"",""call-0025"",""call-0026""]}","{""USDS"":[""call-0019"",""call-0020""],""USDT"":[""call-0021"",""call-0022""]}","[]","[]","{""excluded"":[""Assets outside the vault address, including pending provisioner requests"",""Accrued but unclaimed fees""],""underlying"":null,""vault"":[""USDC/USD is not yet sourced in docs/OPERATOR-NOTES.md; value idle USDC at par in both valuations and disclose this in output."",""Borrow APY is an integer fixed-point display approximation; it is not used for accrual."",""Leverage is gross assets divided by equity. Sensitivity is gross debt value / equity * 10; increasing the debt price reduces equity."",""Oracle price() has no update timestamp; no market-oracle age is inferred. Ages below are for valuation feeds."",""DAI/USD not read: DAI balance at the pinned block is zero, so this feed is not used in valuation.""]}","live","2026-09-07/gtSkyLooping/attempt-efdc08f9fe9a4d4c951efe85c82b13f8/gtSkyLooping-25928919"
"2026-09-08","25936089","0x3660dd55c01b26296278fc9918fb832f9266de19678751831b0988cc5dd8be81","2026-09-08T23:59:59Z","gtSkyLooping","0xeA40De595f099cA04695b0Ca105499E50AF77f92","USDS","0.997942069579169280","0.997474788016638885","0.997785014180772094","-4.68","-1.57","1716","","{""USDS"":""8568"",""USDT"":""15972""}","[""call-0023"",""call-0024"",""call-0025"",""call-0026""]","{""feeds"":[""call-0001"",""call-0002"",""call-0003"",""call-0004"",""call-0005"",""call-0006"",""call-0007"",""call-0008"",""call-0009"",""call-0010"",""call-0011"",""call-0012"",""call-0013"",""call-0014"",""call-0015"",""call-0016"",""call-0017"",""call-0018"",""call-0019"",""call-0020"",""call-0021"",""call-0022"",""call-0023"",""call-0024"",""call-0025"",""call-0026""],""par"":[""call-0001"",""call-0002"",""call-0003"",""call-0004"",""call-0005"",""call-0006"",""call-0007"",""call-0008"",""call-0009"",""call-0010"",""call-0011"",""call-0012"",""call-0013"",""call-0014"",""call-0015"",""call-0016"",""call-0017"",""call-0018"",""call-0019"",""call-0020"",""call-0021"",""call-0022"",""call-0023"",""call-0024"",""call-0025"",""call-0026""]}","{""USDS"":[""call-0019"",""call-0020""],""USDT"":[""call-0021"",""call-0022""]}","[]","[]","{""excluded"":[""Assets outside the vault address, including pending provisioner requests"",""Accrued but unclaimed fees""],""underlying"":null,""vault"":[""USDC/USD is not yet sourced in docs/OPERATOR-NOTES.md; value idle USDC at par in both valuations and disclose this in output."",""Borrow APY is an integer fixed-point display approximation; it is not used for accrual."",""Leverage is gross assets divided by equity. Sensitivity is gross debt value / equity * 10; increasing the debt price reduces equity."",""Oracle price() has no update timestamp; no market-oracle age is inferred. Ages below are for valuation feeds."",""DAI/USD not read: DAI balance at the pinned block is zero, so this feed is not used in valuation.""]}","live","2026-09-08/gtSkyLooping/attempt-5df043861bb04272a6bbb106172d90f2/gtSkyLooping-25936089"
"2026-09-09","25943260","0xcbdce9e554b2394ad809b8b60690024cf5a9635959b733397690d63579da0c7d","2026-09-09T23:59:59Z","gtSkyLooping","0xeA40De595f099cA04695b0Ca105499E50AF77f92","USDS","0.998009513218937105","0.997751306102716012","0.997905517709162918","-2.59","-1.04","3648","","{""USDS"":""12144"",""USDT"":""15960""}","[""call-0023"",""call-0024"",""call-0025"",""call-0026""]","{""feeds"":[""call-0001"",""call-0002"",""call-0003"",""call-0004"",""call-0005"",""call-0006"",""call-0007"",""call-0008"",""call-0009"",""call-0010"",""call-0011"",""call-0012"",""call-0013"",""call-0014"",""call-0015"",""call-0016"",""call-0017"",""call-0018"",""call-0019"",""call-0020"",""call-0021"",""call-0022"",""call-0023"",""call-0024"",""call-0025"",""call-0026""],""par"":[""call-0001"",""call-0002"",""call-0003"",""call-0004"",""call-0005"",""call-0006"",""call-0007"",""call-0008"",""call-0009"",""call-0010"",""call-0011"",""call-0012"",""call-0013"",""call-0014"",""call-0015"",""call-0016"",""call-0017"",""call-0018"",""call-0019"",""call-0020"",""call-0021"",""call-0022"",""call-0023"",""call-0024"",""call-0025"",""call-0026""]}","{""USDS"":[""call-0019"",""call-0020""],""USDT"":[""call-0021"",""call-0022""]}","[]","[]","{""excluded"":[""Assets outside the vault address, including pending provisioner requests"",""Accrued but unclaimed fees""],""underlying"":null,""vault"":[""USDC/USD is not yet sourced in docs/OPERATOR-NOTES.md; value idle USDC at par in both valuations and disclose this in output."",""Borrow APY is an integer fixed-point display approximation; it is not used for accrual."",""Leverage is gross assets divided by equity. Sensitivity is gross debt value / equity * 10; increasing the debt price reduces equity."",""Oracle price() has no update timestamp; no market-oracle age is inferred. Ages below are for valuation feeds."",""DAI/USD not read: DAI balance at the pinned block is zero, so this feed is not used in valuation.""]}","live","2026-09-09/gtSkyLooping/attempt-a228f375433343a4bf2e6ef6103e2832/gtSkyLooping-25943260"
"2026-09-10","25950430","0x9fc2344e69d8da83239c7fe092888780665a4767bf9a0f82f6eb7ca7e5e0537a","2026-09-10T23:59:59Z","gtSkyLooping","0xeA40De595f099cA04695b0Ca105499E50AF77f92","USDS","0.998812321514999198","0.997737677250083441","0.998356517622703306","-10.76","-4.56","2064","","{""USDS"":""15732"",""USDT"":""15936""}","[""call-0023"",""call-0024"",""call-0025"",""call-0026""]","{""feeds"":[""call-0001"",""call-0002"",""call-0003"",""call-0004"",""call-0005"",""call-0006"",""call-0007"",""call-0008"",""call-0009"",""call-0010"",""call-0011"",""call-0012"",""call-0013"",""call-0014"",""call-0015"",""call-0016"",""call-0017"",""call-0018"",""call-0019"",""call-0020"",""call-0021"",""call-0022"",""call-0023"",""call-0024"",""call-0025"",""call-0026""],""par"":[""call-0001"",""call-0002"",""call-0003"",""call-0004"",""call-0005"",""call-0006"",""call-0007"",""call-0008"",""call-0009"",""call-0010"",""call-0011"",""call-0012"",""call-0013"",""call-0014"",""call-0015"",""call-0016"",""call-0017"",""call-0018"",""call-0019"",""call-0020"",""call-0021"",""call-0022"",""call-0023"",""call-0024"",""call-0025"",""call-0026""]}","{""USDS"":[""call-0019"",""call-0020""],""USDT"":[""call-0021"",""call-0022""]}","[]","[]","{""excluded"":[""Assets outside the vault address, including pending provisioner requests"",""Accrued but unclaimed fees""],""underlying"":null,""vault"":[""USDC/USD is not yet sourced in docs/OPERATOR-NOTES.md; value idle USDC at par in both valuations and disclose this in output."",""Borrow APY is an integer fixed-point display approximation; it is not used for accrual."",""Leverage is gross assets divided by equity. Sensitivity is gross debt value / equity * 10; increasing the debt price reduces equity."",""Oracle price() has no update timestamp; no market-oracle age is inferred. Ages below are for valuation feeds."",""DAI/USD not read: DAI balance at the pinned block is zero, so this feed is not used in valuation.""]}","live","2026-09-10/gtSkyLooping/attempt-da8e09808db84c5fb86456a14c060065/gtSkyLooping-25950430"
"2026-09-11","25957605","0x0dff082aaef999217b8712f6ab810746ff454f1329fedfad5b994a4190411178","2026-09-11T23:59:59Z","gtSkyLooping","0xeA40De595f099cA04695b0Ca105499E50AF77f92","USDS","0.998530474460451832","0.997895338838645198","0.998622447962153344","-6.36","0.92","708","","{""USDS"":""19308"",""USDT"":""15900""}","[""call-0023"",""call-0024"",""call-0025"",""call-0026""]","{""feeds"":[""call-0001"",""call-0002"",""call-0003"",""call-0004"",""call-0005"",""call-0006"",""call-0007"",""call-0008"",""call-0009"",""call-0010"",""call-0011"",""call-0012"",""call-0013"",""call-0014"",""call-0015"",""call-0016"",""call-0017"",""call-0018"",""call-0019"",""call-0020"",""call-0021"",""call-0022"",""call-0023"",""call-0024"",""call-0025"",""call-0026""],""par"":[""call-0001"",""call-0002"",""call-0003"",""call-0004"",""call-0005"",""call-0006"",""call-0007"",""call-0008"",""call-0009"",""call-0010"",""call-0011"",""call-0012"",""call-0013"",""call-0014"",""call-0015"",""call-0016"",""call-0017"",""call-0018"",""call-0019"",""call-0020"",""call-0021"",""call-0022"",""call-0023"",""call-0024"",""call-0025"",""call-0026""]}","{""USDS"":[""call-0019"",""call-0020""],""USDT"":[""call-0021"",""call-0022""]}","[]","[]","{""excluded"":[""Assets outside the vault address, including pending provisioner requests"",""Accrued but unclaimed fees""],""underlying"":null,""vault"":[""USDC/USD is not yet sourced in docs/OPERATOR-NOTES.md; value idle USDC at par in both valuations and disclose this in output."",""Borrow APY is an integer fixed-point display approximation; it is not used for accrual."",""Leverage is gross assets divided by equity. Sensitivity is gross debt value / equity * 10; increasing the debt price reduces equity."",""Oracle price() has no update timestamp; no market-oracle age is inferred. Ages below are for valuation feeds."",""DAI/USD not read: DAI balance at the pinned block is zero, so this feed is not used in valuation.""]}","live","2026-09-11/gtSkyLooping/attempt-a4e43cd894e14499a83579b14bb635f5/gtSkyLooping-25957605"
"2026-09-12","25964780","0x151b928aac3f9e2bc79e5fd2b38445940a4f4bb33d3528b34c1af94103ade4b5","2026-09-12T23:59:59Z","gtSkyLooping","0xeA40De595f099cA04695b0Ca105499E50AF77f92","USDS","0.998548174257066589","0.998056536325150560","0.998310030132535575","-4.92","-2.38","3408","","{""USDS"":""22896"",""USDT"":""15876""}","[""call-0023"",""call-0024"",""call-0025"",""call-0026""]","{""feeds"":[""call-0001"",""call-0002"",""call-0003"",""call-0004"",""call-0005"",""call-0006"",""call-0007"",""call-0008"",""call-0009"",""call-0010"",""call-0011"",""call-0012"",""call-0013"",""call-0014"",""call-0015"",""call-0016"",""call-0017"",""call-0018"",""call-0019"",""call-0020"",""call-0021"",""call-0022"",""call-0023"",""call-0024"",""call-0025"",""call-0026""],""par"":[""call-0001"",""call-0002"",""call-0003"",""call-0004"",""call-0005"",""call-0006"",""call-0007"",""call-0008"",""call-0009"",""call-0010"",""call-0011"",""call-0012"",""call-0013"",""call-0014"",""call-0015"",""call-0016"",""call-0017"",""call-0018"",""call-0019"",""call-0020"",""call-0021"",""call-0022"",""call-0023"",""call-0024"",""call-0025"",""call-0026""]}","{""USDS"":[""call-0019"",""call-0020""],""USDT"":[""call-0021"",""call-0022""]}","[]","[]","{""excluded"":[""Assets outside the vault address, including pending provisioner requests"",""Accrued but unclaimed fees""],""underlying"":null,""vault"":[""USDC/USD is not yet sourced in docs/OPERATOR-NOTES.md; value idle USDC at par in both valuations and disclose this in output."",""Borrow APY is an integer fixed-point display approximation; it is not used for accrual."",""Leverage is gross assets divided by equity. Sensitivity is gross debt value / equity * 10; increasing the debt price reduces equity."",""Oracle price() has no update timestamp; no market-oracle age is inferred. Ages below are for valuation feeds."",""DAI/USD not read: DAI balance at the pinned block is zero, so this feed is not used in valuation.""]}","live","2026-09-12/gtSkyLooping/attempt-123d07e6b5dd4fba84bcab5eb123517f/gtSkyLooping-25964780"
"2026-09-13","25971961","0x345628a4dc72d8d64eab7cd4a2576841fc9a3d4f074fd1315a77a4fbdc89ff56","2026-09-13T23:59:59Z","gtSkyLooping","0xeA40De595f099cA04695b0Ca105499E50AF77f92","USDS","0.999418693854416907","0.998218859381425437","0.998756929146878855","-12.01","-6.62","2076","","{""USDS"":""26484"",""USDT"":""15828""}","[""call-0023"",""call-0024"",""call-0025"",""call-0026""]","{""feeds"":[""call-0001"",""call-0002"",""call-0003"",""call-0004"",""call-0005"",""call-0006"",""call-0007"",""call-0008"",""call-0009"",""call-0010"",""call-0011"",""call-0012"",""call-0013"",""call-0014"",""call-0015"",""call-0016"",""call-0017"",""call-0018"",""call-0019"",""call-0020"",""call-0021"",""call-0022"",""call-0023"",""call-0024"",""call-0025"",""call-0026""],""par"":[""call-0001"",""call-0002"",""call-0003"",""call-0004"",""call-0005"",""call-0006"",""call-0007"",""call-0008"",""call-0009"",""call-0010"",""call-0011"",""call-0012"",""call-0013"",""call-0014"",""call-0015"",""call-0016"",""call-0017"",""call-0018"",""call-0019"",""call-0020"",""call-0021"",""call-0022"",""call-0023"",""call-0024"",""call-0025"",""call-0026""]}","{""USDS"":[""call-0019"",""call-0020""],""USDT"":[""call-0021"",""call-0022""]}","[]","[]","{""excluded"":[""Assets outside the vault address, including pending provisioner requests"",""Accrued but unclaimed fees""],""underlying"":null,""vault"":[""USDC/USD is not yet sourced in docs/OPERATOR-NOTES.md; value idle USDC at par in both valuations and disclose this in output."",""Borrow APY is an integer fixed-point display approximation; it is not used for accrual."",""Leverage is gross assets divided by equity. Sensitivity is gross debt value / equity * 10; increasing the debt price reduces equity."",""Oracle price() has no update timestamp; no market-oracle age is inferred. Ages below are for valuation feeds."",""DAI/USD not read: DAI balance at the pinned block is zero, so this feed is not used in valuation.""]}","live","2026-09-13/gtSkyLooping/attempt-3c5bdc1be7ee42bf83e962e796eee98e/gtSkyLooping-25971961"
"2026-09-14","25979136","0xe3a4d47e0728b1c9d3ed657807bf53ab5c1300305055875202e6e578b9baf915","2026-09-14T23:59:59Z","gtSkyLooping","0xeA40De595f099cA04695b0Ca105499E50AF77f92","USDS","0.998719020604856606","0.998382106904305888","0.998383197857724114","-3.37","-3.36","408","","{""USDS"":""30060"",""USDT"":""15792""}","[""call-0023"",""call-0024"",""call-0025"",""call-0026""]","{""feeds"":[""call-0001"",""call-0002"",""call-0003"",""call-0004"",""call-0005"",""call-0006"",""call-0007"",""call-0008"",""call-0009"",""call-0010"",""call-0011"",""call-0012"",""call-0013"",""call-0014"",""call-0015"",""call-0016"",""call-0017"",""call-0018"",""call-0019"",""call-0020"",""call-0021"",""call-0022"",""call-0023"",""call-0024"",""call-0025"",""call-0026""],""par"":[""call-0001"",""call-0002"",""call-0003"",""call-0004"",""call-0005"",""call-0006"",""call-0007"",""call-0008"",""call-0009"",""call-0010"",""call-0011"",""call-0012"",""call-0013"",""call-0014"",""call-0015"",""call-0016"",""call-0017"",""call-0018"",""call-0019"",""call-0020"",""call-0021"",""call-0022"",""call-0023"",""call-0024"",""call-0025"",""call-0026""]}","{""USDS"":[""call-0019"",""call-0020""],""USDT"":[""call-0021"",""call-0022""]}","[]","[]","{""excluded"":[""Assets outside the vault address, including pending provisioner requests"",""Accrued but unclaimed fees""],""underlying"":null,""vault"":[""USDC/USD is not yet sourced in docs/OPERATOR-NOTES.md; value idle USDC at par in both valuations and disclose this in output."",""Borrow APY is an integer fixed-point display approximation; it is not used for accrual."",""Leverage is gross assets divided by equity. Sensitivity is gross debt value / equity * 10; increasing the debt price reduces equity."",""Oracle price() has no update timestamp; no market-oracle age is inferred. Ages below are for valuation feeds."",""DAI/USD not read: DAI balance at the pinned block is zero, so this feed is not used in valuation.""]}","live","2026-09-14/gtSkyLooping/attempt-d896641de5864059b6a26123c989ecb9/gtSkyLooping-25979136"
"2026-09-15","25986306","0x76a6316bc707d1be6b4f22a2aae1f01661b6766d79401c9a63c0cd232012eaf4","2026-09-15T23:59:59Z","gtSkyLooping","0xeA40De595f099cA04695b0Ca105499E50AF77f92","USDS","1.001014471015570135","0.998530891745824127","1.000276552795926074","-24.81","-7.37","1656","","{""USDS"":""33636"",""USDT"":""15768""}","[""call-0023"",""call-0024"",""call-0025"",""call-0026""]","{""feeds"":[""call-0001"",""call-0002"",""call-0003"",""call-0004"",""call-0005"",""call-0006"",""call-0007"",""call-0008"",""call-0009"",""call-0010"",""call-0011"",""call-0012"",""call-0013"",""call-0014"",""call-0015"",""call-0016"",""call-0017"",""call-0018"",""call-0019"",""call-0020"",""call-0021"",""call-0022"",""call-0023"",""call-0024"",""call-0025"",""call-0026""],""par"":[""call-0001"",""call-0002"",""call-0003"",""call-0004"",""call-0005"",""call-0006"",""call-0007"",""call-0008"",""call-0009"",""call-0010"",""call-0011"",""call-0012"",""call-0013"",""call-0014"",""call-0015"",""call-0016"",""call-0017"",""call-0018"",""call-0019"",""call-0020"",""call-0021"",""call-0022"",""call-0023"",""call-0024"",""call-0025"",""call-0026""]}","{""USDS"":[""call-0019"",""call-0020""],""USDT"":[""call-0021"",""call-0022""]}","[]","[]","{""excluded"":[""Assets outside the vault address, including pending provisioner requests"",""Accrued but unclaimed fees""],""underlying"":null,""vault"":[""USDC/USD is not yet sourced in docs/OPERATOR-NOTES.md; value idle USDC at par in both valuations and disclose this in output."",""Borrow APY is an integer fixed-point display approximation; it is not used for accrual."",""Leverage is gross assets divided by equity. Sensitivity is gross debt value / equity * 10; increasing the debt price reduces equity."",""Oracle price() has no update timestamp; no market-oracle age is inferred. Ages below are for valuation feeds."",""DAI/USD not read: DAI balance at the pinned block is zero, so this feed is not used in valuation.""]}","live","2026-09-15/gtSkyLooping/attempt-ca2a66db88ca4f868f7060df6af59496/gtSkyLooping-25986306"
"2026-09-16","25993481","0x6e1db4a2df5f7edf2e382b9e8fabdd534633945205982261ffce03d024d72ba1","2026-09-16T23:59:59Z","gtSkyLooping","0xeA40De595f099cA04695b0Ca105499E50AF77f92","USDS","1.002186407091197362","0.998694927797557479","1.001842183642416881","-34.84","-3.43","3144","","{""USDS"":""37224"",""USDT"":""15744""}","[""call-0023"",""call-0024"",""call-0025"",""call-0026""]","{""feeds"":[""call-0001"",""call-0002"",""call-0003"",""call-0004"",""call-0005"",""call-0006"",""call-0007"",""call-0008"",""call-0009"",""call-0010"",""call-0011"",""call-0012"",""call-0013"",""call-0014"",""call-0015"",""call-0016"",""call-0017"",""call-0018"",""call-0019"",""call-0020"",""call-0021"",""call-0022"",""call-0023"",""call-0024"",""call-0025"",""call-0026""],""par"":[""call-0001"",""call-0002"",""call-0003"",""call-0004"",""call-0005"",""call-0006"",""call-0007"",""call-0008"",""call-0009"",""call-0010"",""call-0011"",""call-0012"",""call-0013"",""call-0014"",""call-0015"",""call-0016"",""call-0017"",""call-0018"",""call-0019"",""call-0020"",""call-0021"",""call-0022"",""call-0023"",""call-0024"",""call-0025"",""call-0026""]}","{""USDS"":[""call-0019"",""call-0020""],""USDT"":[""call-0021"",""call-0022""]}","[]","[]","{""excluded"":[""Assets outside the vault address, including pending provisioner requests"",""Accrued but unclaimed fees""],""underlying"":null,""vault"":[""USDC/USD is not yet sourced in docs/OPERATOR-NOTES.md; value idle USDC at par in both valuations and disclose this in output."",""Borrow APY is an integer fixed-point display approximation; it is not used for accrual."",""Leverage is gross assets divided by equity. Sensitivity is gross debt value / equity * 10; increasing the debt price reduces equity."",""Oracle price() has no update timestamp; no market-oracle age is inferred. Ages below are for valuation feeds."",""DAI/USD not read: DAI balance at the pinned block is zero, so this feed is not used in valuation.""]}","live","2026-09-16/gtSkyLooping/attempt-316ef321ff0246b99fe381aea9129ab7/gtSkyLooping-25993481"
"2026-09-17","26000650","0x62abd88e1199ddc33804b01468c85fb908b6f9a3c43a93aad5a99851ffd8c590","2026-09-17T23:59:59Z","gtSkyLooping","0xeA40De595f099cA04695b0Ca105499E50AF77f92","USDS","1.001702242233237896","0.998861453048122657","1.000870942439236875","-28.36","-8.30","1956","","{""USDS"":""40812"",""USDT"":""15708""}","[""call-0023"",""call-0024"",""call-0025"",""call-0026""]","{""feeds"":[""call-0001"",""call-0002"",""call-0003"",""call-0004"",""call-0005"",""call-0006"",""call-0007"",""call-0008"",""call-0009"",""call-0010"",""call-0011"",""call-0012"",""call-0013"",""call-0014"",""call-0015"",""call-0016"",""call-0017"",""call-0018"",""call-0019"",""call-0020"",""call-0021"",""call-0022"",""call-0023"",""call-0024"",""call-0025"",""call-0026""],""par"":[""call-0001"",""call-0002"",""call-0003"",""call-0004"",""call-0005"",""call-0006"",""call-0007"",""call-0008"",""call-0009"",""call-0010"",""call-0011"",""call-0012"",""call-0013"",""call-0014"",""call-0015"",""call-0016"",""call-0017"",""call-0018"",""call-0019"",""call-0020"",""call-0021"",""call-0022"",""call-0023"",""call-0024"",""call-0025"",""call-0026""]}","{""USDS"":[""call-0019"",""call-0020""],""USDT"":[""call-0021"",""call-0022""]}","[]","[]","{""excluded"":[""Assets outside the vault address, including pending provisioner requests"",""Accrued but unclaimed fees""],""underlying"":null,""vault"":[""USDC/USD is not yet sourced in docs/OPERATOR-NOTES.md; value idle USDC at par in both valuations and disclose this in output."",""Borrow APY is an integer fixed-point display approximation; it is not used for accrual."",""Leverage is gross assets divided by equity. Sensitivity is gross debt value / equity * 10; increasing the debt price reduces equity."",""Oracle price() has no update timestamp; no market-oracle age is inferred. Ages below are for valuation feeds."",""DAI/USD not read: DAI balance at the pinned block is zero, so this feed is not used in valuation.""]}","live","2026-09-17/gtSkyLooping/attempt-a563a930ca90462c9916c563ada2764d/gtSkyLooping-26000650"
"2026-09-18","26007835","0x7435eaf9bb2b5514db2de550d3a9812adae24277af81c095aec065ac485b9f23","2026-09-18T23:59:59Z","gtSkyLooping","0xeA40De595f099cA04695b0Ca105499E50AF77f92","USDS","0.999725429996051328","0.999030002856844442","0.999809717787409487","-6.96","0.84","528","","{""USDS"":""44400"",""USDT"":""15684""}","[""call-0022"",""call-0023"",""call-0024"",""call-0025""]","{""feeds"":[""call-0001"",""call-0002"",""call-0003"",""call-0004"",""call-0005"",""call-0006"",""call-0007"",""call-0008"",""call-0009"",""call-0010"",""call-0011"",""call-0012"",""call-0013"",""call-0014"",""call-0015"",""call-0016"",""call-0017"",""call-0018"",""call-0019"",""call-0020"",""call-0021"",""call-0022"",""call-0023"",""call-0024"",""call-0025""],""par"":[""call-0001"",""call-0002"",""call-0003"",""call-0004"",""call-0005"",""call-0006"",""call-0007"",""call-0008"",""call-0009"",""call-0010"",""call-0011"",""call-0012"",""call-0013"",""call-0014"",""call-0015"",""call-0016"",""call-0017"",""call-0018"",""call-0019"",""call-0020"",""call-0021"",""call-0022"",""call-0023"",""call-0024"",""call-0025""]}","{""USDS"":[""call-0018"",""call-0019""],""USDT"":[""call-0020"",""call-0021""]}","[]","[]","{""excluded"":[""Assets outside the vault address, including pending provisioner requests"",""Accrued but unclaimed fees""],""underlying"":null,""vault"":[""USDC: USDC/USD is unsourced; USDC is valued at par in both valuations. The numeraire conversion assumes one USD per USDC, with no measured feed age."",""Oracle price() has no update timestamp; displayed feed ages describe valuation feeds only."",""Borrow APY is an integer display approximation. Leverage and sensitivity cover direct holdings and borrowings; underlying risk is reported separately."",""Morpho amounts are aggregated by component and asset before conversion. Holding values allocate each cumulative rounding difference in registry order; held vault units are floored before numeraire conversion.""]}","live","2026-09-18/gtSkyLooping/attempt-733ac39876d64365802d7e7ef2c801a9/gtSkyLooping-26007835"
"2026-09-19","26014997","0xcb42f78cf93b936a2857077acf54a5572f7dee44350367e0f8a3ada0ee29551e","2026-09-19T23:59:59Z","gtSkyLooping","0xeA40De595f099cA04695b0Ca105499E50AF77f92","USDS","0.999906648638793529","0.999199038057324183","0.999808711139248972","-7.08","-0.98","2892","","{""USDS"":""47976"",""USDT"":""15660""}","[""call-0022"",""call-0023"",""call-0024"",""call-0025""]","{""feeds"":[""call-0001"",""call-0002"",""call-0003"",""call-0004"",""call-0005"",""call-0006"",""call-0007"",""call-0008"",""call-0009"",""call-0010"",""call-0011"",""call-0012"",""call-0013"",""call-0014"",""call-0015"",""call-0016"",""call-0017"",""call-0018"",""call-0019"",""call-0020"",""call-0021"",""call-0022"",""call-0023"",""call-0024"",""call-0025""],""par"":[""call-0001"",""call-0002"",""call-0003"",""call-0004"",""call-0005"",""call-0006"",""call-0007"",""call-0008"",""call-0009"",""call-0010"",""call-0011"",""call-0012"",""call-0013"",""call-0014"",""call-0015"",""call-0016"",""call-0017"",""call-0018"",""call-0019"",""call-0020"",""call-0021"",""call-0022"",""call-0023"",""call-0024"",""call-0025""]}","{""USDS"":[""call-0018"",""call-0019""],""USDT"":[""call-0020"",""call-0021""]}","[]","[]","{""excluded"":[""Assets outside the vault address, including pending provisioner requests"",""Accrued but unclaimed fees""],""underlying"":null,""vault"":[""USDC: USDC/USD is unsourced; USDC is valued at par in both valuations. The numeraire conversion assumes one USD per USDC, with no measured feed age."",""Oracle price() has no update timestamp; displayed feed ages describe valuation feeds only."",""Borrow APY is an integer display approximation. Leverage and sensitivity cover direct holdings and borrowings; underlying risk is reported separately."",""Morpho amounts are aggregated by component and asset before conversion. Holding values allocate each cumulative rounding difference in registry order; held vault units are floored before numeraire conversion.""]}","live","2026-09-19/gtSkyLooping/attempt-402152d1e2344dbd85801153e68dc3ce/gtSkyLooping-26014997"
"2026-09-20","26022169","0xb556e516e2fe46c68ffa118289105bff058d15648f6f8525fe2ac8a9ac9c5bab","2026-09-20T23:59:59Z","gtSkyLooping","0xeA40De595f099cA04695b0Ca105499E50AF77f92","USDS","1.000014955348353604","0.999368047087929791","0.999557554359798568","-6.47","-4.57","1680","","{""USDS"":""51552"",""USDT"":""15624""}","[""call-0022"",""call-0023"",""call-0024"",""call-0025""]","{""feeds"":[""call-0001"",""call-0002"",""call-0003"",""call-0004"",""call-0005"",""call-0006"",""call-0007"",""call-0008"",""call-0009"",""call-0010"",""call-0011"",""call-0012"",""call-0013"",""call-0014"",""call-0015"",""call-0016"",""call-0017"",""call-0018"",""call-0019"",""call-0020"",""call-0021"",""call-0022"",""call-0023"",""call-0024"",""call-0025""],""par"":[""call-0001"",""call-0002"",""call-0003"",""call-0004"",""call-0005"",""call-0006"",""call-0007"",""call-0008"",""call-0009"",""call-0010"",""call-0011"",""call-0012"",""call-0013"",""call-0014"",""call-0015"",""call-0016"",""call-0017"",""call-0018"",""call-0019"",""call-0020"",""call-0021"",""call-0022"",""call-0023"",""call-0024"",""call-0025""]}","{""USDS"":[""call-0018"",""call-0019""],""USDT"":[""call-0020"",""call-0021""]}","[]","[]","{""excluded"":[""Assets outside the vault address, including pending provisioner requests"",""Accrued but unclaimed fees""],""underlying"":null,""vault"":[""USDC: USDC/USD is unsourced; USDC is valued at par in both valuations. The numeraire conversion assumes one USD per USDC, with no measured feed age."",""Oracle price() has no update timestamp; displayed feed ages describe valuation feeds only."",""Borrow APY is an integer display approximation. Leverage and sensitivity cover direct holdings and borrowings; underlying risk is reported separately."",""Morpho amounts are aggregated by component and asset before conversion. Holding values allocate each cumulative rounding difference in registry order; held vault units are floored before numeraire conversion.""]}","live","2026-09-20/gtSkyLooping/attempt-2b8a52ae8eb640759a7d31626bf3c77b/gtSkyLooping-26022169"
"2026-09-21","26029315","0x065f2c6e83a394e43d5d044d5318a644db87f62f654156dd7e950817e17ad711","2026-09-21T23:59:59Z","gtSkyLooping","0xeA40De595f099cA04695b0Ca105499E50AF77f92","USDS","1.000047649901503003","0.999515924714099901","0.999346091078278257","-5.32","-7.02","276","","{""USDS"":""55128"",""USDT"":""15600""}","[""call-0022"",""call-0023"",""call-0024"",""call-0025""]","{""feeds"":[""call-0001"",""call-0002"",""call-0003"",""call-0004"",""call-0005"",""call-0006"",""call-0007"",""call-0008"",""call-0009"",""call-0010"",""call-0011"",""call-0012"",""call-0013"",""call-0014"",""call-0015"",""call-0016"",""call-0017"",""call-0018"",""call-0019"",""call-0020"",""call-0021"",""call-0022"",""call-0023"",""call-0024"",""call-0025""],""par"":[""call-0001"",""call-0002"",""call-0003"",""call-0004"",""call-0005"",""call-0006"",""call-0007"",""call-0008"",""call-0009"",""call-0010"",""call-0011"",""call-0012"",""call-0013"",""call-0014"",""call-0015"",""call-0016"",""call-0017"",""call-0018"",""call-0019"",""call-0020"",""call-0021"",""call-0022"",""call-0023"",""call-0024"",""call-0025""]}","{""USDS"":[""call-0018"",""call-0019""],""USDT"":[""call-0020"",""call-0021""]}","[]","[]","{""excluded"":[""Assets outside the vault address, including pending provisioner requests"",""Accrued but unclaimed fees""],""underlying"":null,""vault"":[""USDC: USDC/USD is unsourced; USDC is valued at par in both valuations. The numeraire conversion assumes one USD per USDC, with no measured feed age."",""Oracle price() has no update timestamp; displayed feed ages describe valuation feeds only."",""Borrow APY is an integer display approximation. Leverage and sensitivity cover direct holdings and borrowings; underlying risk is reported separately."",""Morpho amounts are aggregated by component and asset before conversion. Holding values allocate each cumulative rounding difference in registry order; held vault units are floored before numeraire conversion.""]}","live","2026-09-21/gtSkyLooping/attempt-dad68e8106104b08b210e9cf25d50464/gtSkyLooping-26029315"
"2026-09-22","26036463","0x90c9091979457d268afed15d3cf334ed6079e70d4fbec1291a98a313f57c91dc","2026-09-22T23:59:59Z","gtSkyLooping","0xeA40De595f099cA04695b0Ca105499E50AF77f92","USDS","1.000163006409278903","1.000166344834347016","1.000299248000062912","0.03","1.36","2268","","{""USDS"":""58716"",""USDT"":""34140""}","[""call-0022"",""call-0023"",""call-0024"",""call-0025""]","{""feeds"":[""call-0001"",""call-0002"",""call-0003"",""call-0004"",""call-0005"",""call-0006"",""call-0007"",""call-0008"",""call-0009"",""call-0010"",""call-0011"",""call-0012"",""call-0013"",""call-0014"",""call-0015"",""call-0016"",""call-0017"",""call-0018"",""call-0019"",""call-0020"",""call-0021"",""call-0022"",""call-0023"",""call-0024"",""call-0025""],""par"":[""call-0001"",""call-0002"",""call-0003"",""call-0004"",""call-0005"",""call-0006"",""call-0007"",""call-0008"",""call-0009"",""call-0010"",""call-0011"",""call-0012"",""call-0013"",""call-0014"",""call-0015"",""call-0016"",""call-0017"",""call-0018"",""call-0019"",""call-0020"",""call-0021"",""call-0022"",""call-0023"",""call-0024"",""call-0025""]}","{""USDS"":[""call-0018"",""call-0019""],""USDT"":[""call-0020"",""call-0021""]}","[]","[]","{""excluded"":[""Assets outside the vault address, including pending provisioner requests"",""Accrued but unclaimed fees""],""underlying"":null,""vault"":[""USDC: USDC/USD is unsourced; USDC is valued at par in both valuations. The numeraire conversion assumes one USD per USDC, with no measured feed age."",""Oracle price() has no update timestamp; displayed feed ages describe valuation feeds only."",""Borrow APY is an integer display approximation. Leverage and sensitivity cover direct holdings and borrowings; underlying risk is reported separately."",""Morpho amounts are aggregated by component and asset before conversion. Holding values allocate each cumulative rounding difference in registry order; held vault units are floored before numeraire conversion.""]}","live","2026-09-22/gtSkyLooping/attempt-143f8ae724c04f52ad71902590fa2c4f/gtSkyLooping-26036463"
